date,STRONG_BUY_count_5d,STRONG_BUY_hit_rate_5d,STRONG_BUY_avg_return_5d,STRONG_BUY_count_10d,STRONG_BUY_hit_rate_10d,STRONG_BUY_avg_return_10d,STRONG_BUY_count_20d,STRONG_BUY_hit_rate_20d,STRONG_BUY_avg_return_20d,BUY_count_5d,BUY_hit_rate_5d,BUY_avg_return_5d,BUY_count_10d,BUY_hit_rate_10d,BUY_avg_return_10d,BUY_count_20d,BUY_hit_rate_20d,BUY_avg_return_20d,HOLD_count_5d,HOLD_hit_rate_5d,HOLD_avg_return_5d,HOLD_count_10d,HOLD_hit_rate_10d,HOLD_avg_return_10d,HOLD_count_20d,HOLD_hit_rate_20d,HOLD_avg_return_20d,SELL_count_5d,SELL_hit_rate_5d,SELL_avg_return_5d,SELL_count_10d,SELL_hit_rate_10d,SELL_avg_return_10d,SELL_count_20d,SELL_hit_rate_20d,SELL_avg_return_20d,idx_momentum_3d,idx_momentum_5d,idx_momentum_10d
2025-06-24,3,100.0,32.60460986126201,3,100.0,44.54693977075539,3,0.0,,2,100.0,20.780946342318696,2,100.0,34.284247360762286,2,0.0,,13,100.0,12.650712415206955,13,100.0,18.12798512109912,13,0.0,,194,16.49484536082474,2.951925206661223,194,17.525773195876287,4.19722627629144,194,0.0,,,,
2025-06-23,4,100.0,25.56995581439923,4,100.0,41.66094934535155,4,0.0,,2,100.0,13.539896437141952,2,100.0,33.105439683463544,2,0.0,,14,100.0,8.271854014279707,14,100.0,14.052153567472406,14,0.0,,192,40.10416666666667,0.8016622189403817,192,32.29166666666667,2.4851818728597963,192,0.0,,,,
2025-06-20,4,100.0,25.897233777159713,4,100.0,48.111640039012116,4,0.0,,2,100.0,15.657607053684519,2,100.0,22.756789255261502,2,0.0,,26,100.0,8.855244482638176,26,100.0,16.825609465139248,26,0.0,,180,15.555555555555555,2.2194437289546682,180,13.88888888888889,4.459190628184032,180,0.0,,2.424838152052322,4.395050127477873,7.460393662986076
2025-06-19,4,100.0,20.02830287439899,4,100.0,43.47676283689361,4,0.0,,4,100.0,11.181983668750267,4,100.0,28.135546619159534,4,0.0,,33,100.0,6.698359935179489,33,100.0,16.341842002040856,33,0.0,,171,60.81871345029239,-0.6102836566232994,171,14.619883040935672,4.176567885449285,171,0.0,,1.0547535175418954,1.9763495580524815,7.467049703339046
2025-06-18,1,100.0,19.447351353648457,1,100.0,60.69281878406323,1,0.0,,6,100.0,13.50416310828848,6,100.0,26.937408132937716,6,0.0,,20,100.0,7.012544841341388,20,100.0,20.252507003813157,20,0.0,,185,57.2972972972973,-0.21428050407625884,185,8.64864864864865,6.785181859952735,185,0.0,,2.6797990755263346,2.241111233419568,10.123121042471773
2025-06-17,0,-,-,0,-,-,0,-,-,0,-,-,0,-,-,0,-,-,0,-,-,0,-,-,0,-,-,212,40.56603773584906,1.63750848426942,212,7.547169811320755,8.451356477563454,212,0.0,,1.0366331852754929,2.731688632762852,9.36474809743224
2025-06-16,1,100.0,27.137404919737552,1,100.0,51.76187273522479,1,0.0,,5,100.0,17.06235915215484,5,100.0,24.397431756187046,5,0.0,,19,100.0,9.582205393938024,19,100.0,18.126712391812294,19,0.0,,187,38.50267379679144,0.9888837855096974,187,9.62566844919786,6.424110681806562,187,0.0,,1.362898343332053,3.182679277392775,8.307604093154541
2025-06-13,1,100.0,35.98393786927014,1,100.0,43.772987100579485,1,0.0,,2,100.0,18.366074335072646,2,100.0,26.80357250755896,2,0.0,,16,100.0,12.717707112490318,16,100.0,19.16638761832949,16,0.0,,193,23.83419689119171,2.024540029670008,193,5.181347150259067,6.81204718920697,193,0.0,,0.7928687083239128,2.936292028946852,8.406643821508153
2025-06-12,1,100.0,34.11259073046509,1,100.0,41.732254559577676,1,0.0,,2,100.0,21.711864117062174,2,100.0,30.489042663744904,2,0.0,,12,100.0,15.079026997342083,12,100.0,25.161605008861653,12,0.0,,197,3.0456852791878175,5.078548303689852,197,2.030456852791878,9.591054073776089,197,0.0,,2.2501812120724107,5.384287797202303,10.723792478443217
2025-06-11,3,100.0,32.455674455267456,3,100.0,42.93933596285689,3,0.0,,4,100.0,20.555674230849966,4,100.0,28.65734899778678,4,0.0,,29,100.0,14.821155668048148,29,100.0,18.523591505475903,29,0.0,,176,2.840909090909091,5.921382171909851,176,2.272727272727273,7.728160915164619,176,0.0,,3.3779626962536113,7.70923722753496,9.931931629102998
2025-06-10,1,100.0,53.253922522012154,1,100.0,60.201816677113776,1,0.0,,2,100.0,28.14481413918395,2,100.0,31.76242944268103,2,0.0,,14,100.0,16.753170662281274,14,100.0,19.947901476732365,14,0.0,,195,6.153846153846154,5.465037447729118,195,1.5384615384615385,8.647163378584423,195,0.0,,3.645464913167107,6.4566829893945465,10.792835125323563
2025-06-09,1,100.0,57.269991138413864,1,100.0,65.12907432161738,1,0.0,,0,-,-,0,-,-,0,-,-,4,100.0,20.139439984670126,4,100.0,27.276878688826653,4,0.0,,207,4.830917874396135,5.15692927828376,207,3.3816425120772946,8.731333544103089,207,0.0,,5.809623671252373,4.966846036226769,10.105371924724427
2025-06-05,1,100.0,51.75220923111847,1,100.0,49.10470258447479,1,0.0,,0,-,-,0,-,-,0,-,-,1,100.0,22.7175944916143,1,100.0,29.771538845970035,1,0.0,,210,3.8095238095238098,4.480426093189609,210,4.285714285714286,5.912451435155124,210,0.0,,4.239955220616309,5.314308184933436,7.102049832798851
2025-06-04,1,100.0,35.98699421507043,1,100.0,30.564672543301462,1,0.0,,0,-,-,0,-,-,0,-,-,6,100.0,15.703716288376318,6,100.0,20.973666284880657,6,0.0,,205,5.853658536585367,4.101915158864092,205,4.878048780487805,5.235015588387506,205,0.0,,1.8451540813926304,5.066699023972232,6.4970405104158635
2025-06-02,2,100.0,16.229068009668488,2,100.0,22.575018938546577,2,0.0,,1,100.0,11.953431517631508,1,100.0,12.833298418312001,1,0.0,,30,100.0,5.559763943849616,30,96.66666666666667,7.970746458952607,30,0.0,,179,24.581005586592177,1.3076365006945139,179,15.64245810055866,3.086026380070616,179,0.0,,1.0793401119787216,2.063606111027072,3.67017231180522
2025-05-30,4,100.0,12.93962284077262,4,100.0,15.678820212985494,4,0.0,,15,100.0,8.230172120594432,15,93.33333333333333,9.619712971046658,15,0.0,,64,100.0,4.666308625689336,64,95.3125,5.198382122797099,64,0.0,,129,19.379844961240313,1.2839424180917143,129,52.71317829457365,-0.06865314731082969,129,0.0,,2.292186469084889,4.0731610399330265,2.6952228317351112
2025-05-29,5,100.0,14.28642190469902,5,100.0,16.709711154145065,5,0.0,,7,100.0,10.751549915582997,7,100.0,12.014146978517598,7,0.0,,41,100.0,6.244332707337662,41,87.8048780487805,5.716563817657719,41,0.0,,159,13.836477987421384,2.058859247680945,159,45.911949685534594,0.580256553914125,159,0.0,,2.883073665103608,4.895379905693464,3.7873470259712327
2025-05-28,6,100.0,10.37008804635638,6,100.0,13.15157661009538,6,0.0,,20,100.0,6.115592532087696,20,85.0,5.110574371360692,20,0.0,,123,86.1788617886179,1.67102468066432,123,52.84552845528455,0.6306163797931569,123,0.0,,63,95.23809523809523,-1.529136131836419,63,84.12698412698413,-2.970914117818911,63,0.0,,3.011469509160558,1.697529688678312,1.1202126813528945
2025-05-27,4,100.0,12.675457538760714,4,100.0,17.992314684837496,4,0.0,,20,100.0,8.2132086272177,20,100.0,11.259625153864182,20,0.0,,66,98.48484848484848,2.8669313518868047,66,86.36363636363636,2.775927784027492,66,0.0,,122,75.40983606557377,-1.2148486583179439,122,85.24590163934425,-3.382929154437878,122,0.0,,1.6790879333145492,1.3613652087016481,1.104116668327948
2025-05-26,2,100.0,16.349089770214363,2,100.0,27.94607293021093,2,0.0,,16,100.0,9.477738315672898,16,100.0,12.908629703752712,16,0.0,,62,100.0,4.249252399438974,62,96.7741935483871,4.2923154735983315,62,0.0,,132,51.515151515151516,-0.36531409163886347,132,84.0909090909091,-2.9452602276723248,132,0.0,,0.7167940036106435,1.574083321169839,1.4217609585284618
2025-05-23,1,100.0,12.116788321167892,1,100.0,42.22222222222223,1,0.0,,11,100.0,8.503258668242898,11,100.0,11.83182078216392,11,0.0,,45,95.55555555555556,3.1150464316027064,45,93.33333333333333,5.257765726349294,45,0.0,,155,83.87096774193549,-2.2634074633621153,155,75.48387096774194,-1.767203396628627,155,0.0,,-0.3732031670382052,-1.3240091820303168,0.5750270635207055
2025-05-22,3,100.0,15.449841833325948,3,100.0,24.047786152768413,3,0.0,,6,100.0,9.250972638975789,6,100.0,11.867785666653134,6,0.0,,19,94.73684210526315,3.5245727108897085,19,100.0,7.91538804977693,19,0.0,,184,79.34782608695652,-2.1493611978447147,184,66.30434782608695,-1.2610223745674596,184,0.0,,-0.37450737875563966,-1.056321909237956,0.5501108750600947
2025-05-21,1,100.0,18.373983739837406,1,100.0,34.56561922365986,1,0.0,,1,100.0,7.433537802962165,1,100.0,14.236566657205273,1,0.0,,48,100.0,3.12114325559914,48,100.0,6.754051763940879,48,0.0,,162,85.18518518518519,-2.4549914861367617,162,50.617283950617285,-0.5335156990236578,162,0.0,,-0.04910787362907287,-0.5676804629303644,2.011811329551616
2025-05-20,2,100.0,17.284194537384302,2,100.0,27.297436533412977,2,0.0,,7,100.0,7.995539500716098,7,100.0,14.234101226533214,7,0.0,,60,93.33333333333333,1.8743071435954561,60,96.66666666666667,4.28744664691688,60,0.0,,143,96.5034965034965,-2.8043510279022756,143,60.13986013986013,-0.8023697263200553,143,0.0,,-0.7461775566881323,-0.2537934841781553,1.6411502506064934
2025-05-19,3,100.0,17.62976483211746,3,100.0,24.199449960911938,3,0.0,,16,100.0,5.531138052337245,16,100.0,8.32761393606117,16,0.0,,160,23.125,-1.3437652894893002,160,59.375,0.6239478180769003,160,0.0,,33,100.0,-5.908137355087469,33,90.9090909090909,-4.44069156692989,33,0.0,,-1.4068932086632846,-0.14996183835570553,1.8309401903301659
2025-05-16,2,100.0,25.034308687166952,2,100.0,25.615216513561897,2,0.0,,3,100.0,18.877836355861533,3,100.0,21.58675319578481,3,0.0,,6,100.0,7.0545315457796045,6,100.0,9.024180963370268,6,0.0,,201,45.27363184079602,0.4227213211112092,201,40.79601990049751,0.4957171653205749,201,0.0,,0.7073247406475858,1.9245170277076173,2.3953192849513805
2025-05-15,4,100.0,20.190781152135536,4,100.0,22.271509355079992,4,0.0,,1,100.0,10.220623622726421,1,100.0,17.034706552758337,1,0.0,,17,100.0,5.4565616917926905,17,100.0,9.17308002227248,17,0.0,,190,36.84210526315789,0.5326018056377222,190,23.684210526315788,1.698505187715824,190,0.0,,0.5380983611587453,1.6235830477460578,2.8444088729863592
2025-05-14,1,100.0,28.30910487584881,1,100.0,37.31488969859858,1,0.0,,2,100.0,19.107923540318893,2,100.0,18.595172871170476,2,0.0,,5,100.0,10.687000184790264,5,100.0,14.694403325824407,5,0.0,,204,22.058823529411764,1.9233601425122753,204,16.666666666666664,2.718603699480203,204,0.0,,2.4560872551187884,2.5942186650089294,3.7022346149314656
2025-05-13,2,100.0,15.902054455591074,2,100.0,19.296686275520926,2,0.0,,4,100.0,12.913445657085695,4,100.0,11.844861747421891,4,0.0,,41,100.0,5.681608754881591,41,100.0,6.600156057692462,41,0.0,,165,27.27272727272727,1.098810450216387,165,20.0,2.0253348113334835,165,0.0,,1.1219315520957673,1.899765215115301,3.413114065169909
2025-05-12,2,100.0,15.122394018209794,2,100.0,15.112324894744255,2,0.0,,11,100.0,7.696680523707278,11,100.0,10.34123373903427,11,0.0,,94,100.0,3.4013440955607406,94,96.80851063829788,4.287400574300062,94,0.0,,105,41.904761904761905,-0.0016121156037579186,105,31.428571428571427,1.1995998834617152,105,0.0,,1.3027430258761186,1.9838770872365963,3.237697777918558
2025-05-09,3,100.0,13.842319623653344,3,100.0,12.855794621219161,3,0.0,,13,100.0,5.4761605663134185,13,100.0,10.889799277266304,13,0.0,,127,68.50393700787401,0.8037793497129901,127,94.48818897637796,3.5366994836718537,127,0.0,,69,95.65217391304348,-2.6317858447011857,69,56.52173913043478,-0.5593408532847508,69,0.0,,0.6828685165580106,0.46191266927051444,3.6446771547147927
2025-05-08,1,100.0,26.138058370480888,1,100.0,12.572842141471874,1,0.0,,5,100.0,10.123344116315742,5,100.0,13.555934867950683,5,0.0,,49,97.95918367346938,4.15637405961831,49,100.0,7.574903413546603,49,0.0,,157,40.76433121019109,0.10352012462073935,157,26.751592356687897,1.073541069504588,157,0.0,,0.8945439468671434,1.2013213750460938,3.6593501097081704
2025-05-07,1,100.0,20.381103091769546,1,100.0,15.248951214232553,1,0.0,,0,-,-,0,-,-,0,-,-,19,100.0,6.22883840095189,19,100.0,9.599021737464678,19,0.0,,192,45.83333333333333,0.24980279939239947,192,19.791666666666664,2.171477167939045,192,0.0,,0.3266521661170474,1.0799984290931874,3.6393360768617544
2025-05-02,7,100.0,10.13627299645827,7,100.0,11.969747377598143,7,0.0,,21,100.0,5.57099642827078,21,100.0,8.629695175167786,21,0.0,,80,97.5,1.654049642133759,80,100.0,4.0706165137477015,80,0.0,,104,80.76923076923077,-1.2235916657564574,104,36.53846153846153,0.41459988973928,104,0.0,,0.42881915836883167,1.4851347761791756,3.618022919272512
2025-04-30,6,100.0,11.746751395450575,6,100.0,16.471808306545345,6,0.0,,7,100.0,7.004818395540645,7,100.0,11.324462515521594,7,0.0,,61,100.0,3.2585425078733974,61,100.0,6.942510278196457,61,0.0,,138,57.2463768115942,-0.5960447411224236,138,13.768115942028986,2.7079065099841313,138,0.0,,0.4049012292345777,1.229430304566126,4.461006034901938
2025-04-29,1,100.0,32.4975979471299,1,100.0,32.48404685583823,1,0.0,,1,100.0,17.908258197141347,1,100.0,15.167199256980112,1,0.0,,13,100.0,8.884051079842763,13,100.0,10.921483132799422,13,0.0,,197,16.243654822335024,2.0193188030701195,197,9.644670050761421,3.8092694725957514,197,0.0,,1.708341097318744,3.1681304893350193,3.5525003935561905
2025-04-28,1,100.0,34.90544168092875,1,100.0,36.71522697437306,1,0.0,,1,100.0,20.470253569180397,1,100.0,16.949961527655176,1,0.0,,14,100.0,8.274499284082015,14,100.0,11.856323350686214,14,0.0,,196,28.061224489795915,0.8097666337112429,196,9.693877551020408,3.605971348229321,196,0.0,,0.9225676681607231,2.4288504352159235,
2025-04-25,5,100.0,13.015255658044444,5,100.0,16.006608978701095,5,0.0,,10,100.0,6.7167564274517115,10,100.0,10.4841548256075,10,0.0,,162,95.06172839506173,2.139095841610691,162,100.0,6.327416612797577,162,0.0,,35,88.57142857142857,-1.5050449299343347,35,17.142857142857142,2.3233435962932885,35,0.0,,2.3992214393720124,2.5319921720852845,
2025-04-24,3,100.0,10.166880858496345,3,100.0,32.667473195423696,3,0.0,,18,100.0,5.470831074266884,18,100.0,12.427066846207273,18,0.0,,158,94.9367088607595,2.1569004929177895,158,97.46835443037975,6.274340584649164,158,0.0,,33,63.63636363636363,-1.010236865220368,33,18.181818181818183,2.0117829677145447,33,0.0,,1.3627120823655137,2.1016754303941454,
2025-04-23,1,100.0,24.282852143246703,1,100.0,72.49930924947286,1,0.0,,3,100.0,12.757890106224709,3,100.0,22.980844840452846,3,0.0,,23,100.0,6.867336800265045,23,100.0,18.413401242372323,23,0.0,,185,3.783783783783784,2.769809952272412,185,0.5405405405405406,10.960041050206135,185,0.0,,1.696853532628384,3.1923282790519147,
2025-04-22,1,100.0,48.74116593328684,1,100.0,93.07544112225715,1,0.0,,0,-,-,0,-,-,0,-,-,0,-,-,0,-,-,0,-,-,211,27.488151658767773,1.5665265646405622,211,0.9478672985781991,8.648696350051337,211,0.0,,0.6569759675519427,0.37256651099333293,
2025-04-21,1,100.0,52.036934914416236,1,100.0,100.79977764174095,1,0.0,,0,-,-,0,-,-,0,-,-,1,100.0,15.204535037566448,1,100.0,36.949939118756284,1,0.0,,210,10.476190476190476,2.5456574400243275,210,2.857142857142857,9.527475241251661,210,0.0,,1.6748180744699637,,
2025-04-18,1,100.0,57.60379811812175,1,100.0,76.28222941271349,1,0.0,,0,-,-,0,-,-,0,-,-,0,-,-,0,-,-,0,-,-,211,4.739336492890995,3.7725124099975558,211,16.113744075829384,4.823572106289142,211,0.0,,0.24259206187107196,,
2025-04-17,1,100.0,48.214615206032164,1,100.0,61.39210996883089,1,0.0,,0,-,-,0,-,-,0,-,-,9,100.0,13.756073760528515,9,100.0,18.259835973094017,9,0.0,,202,11.881188118811881,3.7220538458195396,202,16.831683168316832,4.417856038764988,202,0.0,,,,
2025-04-16,1,100.0,38.79574396204919,1,100.0,42.27709361622147,1,0.0,,0,-,-,0,-,-,0,-,-,61,100.0,12.74556188234735,61,100.0,8.76000330876768,61,0.0,,150,1.3333333333333335,6.488889948244367,150,40.666666666666664,0.9444805486744959,150,0.0,,,,
2025-04-15,1,100.0,29.80632490729238,1,100.0,34.374125092012434,1,0.0,,25,100.0,14.964876376890448,25,96.0,11.779192365068344,25,0.0,,173,100.0,6.427352601802976,173,68.78612716763006,2.2355105034735874,173,0.0,,13,15.384615384615385,-0.6699428955816494,13,76.92307692307693,-1.4092471130369062,13,0.0,,,,
2025-04-14,1,100.0,32.07302406798327,1,100.0,39.85376888793051,1,0.0,,2,100.0,24.60246258804468,2,100.0,20.29830570738741,2,0.0,,15,100.0,16.49313820594413,15,100.0,19.966915470562647,15,0.0,,194,6.185567010309279,5.945677474360396,194,27.31958762886598,3.3984674189964643,194,0.0,,,,
2025-04-11,1,100.0,21.35593628038319,1,100.0,52.82860212566578,1,0.0,,9,100.0,11.98441912482623,9,100.0,19.995580915043067,9,0.0,,29,100.0,5.614061861861813,29,96.55172413793103,7.390587072548075,29,0.0,,173,52.02312138728323,-0.4052587393335121,173,64.16184971098265,-1.950107246965502,173,0.0,,,,
2025-04-10,2,100.0,36.32001512434563,2,100.0,57.77608018669706,2,0.0,,0,-,-,0,-,-,0,-,-,5,100.0,9.385851155355445,5,100.0,41.54003394016867,5,0.0,,205,52.6829268292683,0.33035180599984804,205,75.1219512195122,-3.1146473148098917,205,0.0,,,,
2025-04-09,2,100.0,42.84331369416893,2,100.0,49.64983609848247,2,0.0,,0,-,-,0,-,-,0,-,-,2,50.0,3.709299215099377,2,100.0,42.85172475180787,2,0.0,,208,86.53846153846155,-5.110036332716268,208,92.3076923076923,-8.487638993143962,208,0.0,,,,
2025-04-08,2,100.0,46.22669230693812,2,100.0,66.50273951737451,2,0.0,,0,-,-,0,-,-,0,-,-,1,100.0,13.677158954125467,1,100.0,13.344101733766479,1,0.0,,209,81.81818181818183,-4.007932976638428,209,84.21052631578947,-5.711011307770703,209,0.0,,,,
2025-04-07,1,100.0,66.93308846839187,1,100.0,74.96128040569678,1,0.0,,1,100.0,49.482680212025286,1,100.0,49.007410350625925,1,0.0,,0,-,-,0,-,-,0,-,-,210,73.80952380952381,-2.4980358064574384,210,91.42857142857143,-6.940395859946602,210,0.0,,,,
2025-04-04,1,100.0,44.352832193794775,1,100.0,53.77968988998334,1,0.0,,1,100.0,25.93417908504079,1,100.0,19.487367374036623,1,0.0,,2,100.0,4.382892790980364,2,100.0,77.24197877562179,2,0.0,,208,59.61538461538461,-1.0179079650456795,208,78.36538461538461,-3.8071185898055777,208,0.0,,,,
2025-04-03,2,100.0,80.04704140321118,2,100.0,72.70228374505525,2,0.0,,0,-,-,0,-,-,0,-,-,1,100.0,23.386131661003873,1,100.0,28.276933937585834,1,0.0,,209,87.08133971291866,-3.3592100206863864,209,91.38755980861244,-4.925050346514638,209,0.0,,,,
2025-04-02,2,100.0,75.61718745549392,2,100.0,67.06096670335512,2,0.0,,0,-,-,0,-,-,0,-,-,0,-,-,0,-,-,0,-,-,210,90.0,-3.8887343706004023,210,90.47619047619048,-4.899089671567426,210,0.0,,,,
2025-04-01,2,100.0,71.51886966080292,2,100.0,67.16395839071707,2,0.0,,0,-,-,0,-,-,0,-,-,0,-,-,0,-,-,0,-,-,210,83.80952380952381,-2.4075443496315585,210,88.09523809523809,-3.9733392284623337,210,0.0,,,,
2025-03-31,2,100.0,63.61827338858855,2,100.0,59.45084901627489,2,0.0,,0,-,-,0,-,-,0,-,-,0,-,-,0,-,-,0,-,-,210,98.09523809523809,-5.2303162164147645,210,97.61904761904762,-6.013243036942881,210,0.0,,,,
2025-03-28,2,100.0,69.94274801818513,2,100.0,66.66062428476334,2,0.0,,0,-,-,0,-,-,0,-,-,0,-,-,0,-,-,0,-,-,210,89.04761904761904,-2.812526444206467,210,81.9047619047619,-3.0426471889599704,210,0.0,,,,
2025-03-27,5,100.0,5.328509084580245,5,100.0,4.26988890214107,5,0.0,,48,81.25,0.8538206640819027,48,72.91666666666666,1.7268473228100805,48,0.0,,110,6.363636363636363,-1.483767583406309,110,27.27272727272727,-0.8951562623352407,110,0.0,,49,100.0,-5.053630798691349,49,91.83673469387756,-3.894506049065506,49,0.0,,,,
2025-03-26,5,100.0,6.37111883246538,5,100.0,6.64674759543793,5,0.0,,18,100.0,3.3409710024879025,18,94.44444444444444,4.061563185495943,18,0.0,,137,29.1970802919708,-0.7634860672041774,137,49.63503649635037,0.08931023479143377,137,0.0,,52,98.07692307692307,-4.149064241435974,52,90.38461538461539,-2.5669286534053293,52,0.0,,,,
2025-03-25,3,100.0,8.616789829054442,3,100.0,7.066481981199324,3,0.0,,35,94.28571428571428,2.1290598501823714,35,94.28571428571428,3.1929613202268077,35,0.0,,137,16.78832116788321,-1.558187417047622,137,48.9051094890511,0.04194328700091502,137,0.0,,37,100.0,-6.046383484452397,37,86.48648648648648,-2.739134007657655,37,0.0,,,,
2025-03-24,9,100.0,5.582978292630873,9,100.0,5.417673979896207,9,0.0,,73,79.45205479452055,1.0085405537703562,73,72.6027397260274,1.5572997069987962,73,0.0,,121,2.479338842975207,-1.9678529341492133,121,30.57851239669421,-1.06710429142969,121,0.0,,9,100.0,-7.0704281692398565,9,100.0,-5.1661019205165095,9,0.0,,,,
2025-03-21,3,100.0,9.453089068292712,3,100.0,11.06027360174695,3,0.0,,42,100.0,3.039190630194235,42,95.23809523809523,3.481097167710346,42,0.0,,140,36.42857142857142,-0.651871737675919,140,42.857142857142854,-0.23188864904493758,140,0.0,,27,100.0,-4.267736582454821,27,88.88888888888889,-3.695947709600453,27,0.0,,,,
2025-03-20,8,100.0,7.0674226206261626,8,100.0,7.581299393238225,8,0.0,,23,100.0,4.3315445882949675,23,91.30434782608695,3.73232047813022,23,0.0,,67,97.01492537313433,1.777896687397265,67,71.64179104477611,0.9322467365289585,67,0.0,,114,81.57894736842105,-0.9712854357275241,114,88.59649122807018,-2.2299575259501707,114,0.0,,,,
2025-03-19,5,60.0,5.675398326642427,5,100.0,27.43189938779131,5,0.0,,33,96.96969696969697,4.098470231725144,33,87.87878787878788,4.205224661130336,33,0.0,,142,72.53521126760563,0.9828479657824118,142,50.70422535211267,0.015767407877726444,142,0.0,,32,100.0,-2.526447415267519,32,84.375,-2.6060619028111276,32,0.0,,,,
2025-03-18,2,50.0,7.561110441202307,2,100.0,36.207095424028424,2,0.0,,12,100.0,7.424106261911162,12,100.0,10.117778767945886,12,0.0,,57,98.24561403508771,4.082683294035061,57,96.49122807017544,4.361669800860882,57,0.0,,141,31.20567375886525,0.37154878367366767,141,48.93617021276596,0.21488650921317246,141,0.0,,,,
2025-03-17,5,100.0,6.923306783493457,5,100.0,31.075322713496426,5,0.0,,24,100.0,6.174218480424059,24,95.83333333333334,5.426326969533814,24,0.0,,100,89.0,1.3981304682005535,100,73.0,1.3493755262896412,100,0.0,,83,91.56626506024097,-1.8105338429483426,83,77.10843373493977,-1.8318488179241317,83,0.0,,,,
2025-03-14,3,100.0,8.181267995677066,3,100.0,42.37014189753662,3,0.0,,3,100.0,8.02279825135812,3,100.0,4.098454017431259,3,0.0,,33,100.0,4.146352950350047,33,36.36363636363637,-0.22255336370389875,33,0.0,,173,58.38150289017341,-0.49048422711343825,173,87.28323699421965,-2.87267156170671,173,0.0,,,,
2025-03-13,1,100.0,24.30150997232745,1,100.0,17.22690264978315,1,0.0,,2,50.0,-0.26880544880635293,2,100.0,54.376527034999114,2,0.0,,10,90.0,3.219850833095971,10,80.0,4.935088710956542,10,0.0,,199,74.87437185929649,-1.322497187815897,199,89.44723618090453,-3.914871192951814,199,0.0,,,,
2025-03-12,2,100.0,58.10748454358354,2,100.0,54.47737346871231,2,0.0,,1,100.0,33.61862668927373,1,100.0,27.68442537803395,1,0.0,,1,100.0,26.055213410309584,1,100.0,21.839583770118274,1,0.0,,208,66.82692307692307,-0.9125647494750049,208,85.57692307692307,-2.9415423564665306,208,0.0,,,,
2025-03-11,2,100.0,55.81571527645915,2,100.0,50.96078868008993,2,0.0,,0,-,-,0,-,-,0,-,-,1,100.0,24.672951828997935,1,100.0,22.869560834722115,1,0.0,,209,58.85167464114832,-0.22434019415752038,209,87.5598086124402,-4.004625083886727,209,0.0,,,,
2025-03-10,2,100.0,49.63996551099772,2,100.0,46.87808803660752,2,0.0,,0,-,-,0,-,-,0,-,-,2,100.0,21.766077593070158,2,100.0,16.41102775778772,2,0.0,,208,61.057692307692314,-0.20815873397622137,208,80.28846153846155,-3.044737466043195,208,0.0,,,,
2025-03-07,1,100.0,61.5782749891199,1,100.0,59.47008547501724,1,0.0,,1,100.0,42.780302211100654,1,100.0,40.6051598992466,1,0.0,,4,100.0,14.937457761511785,4,100.0,20.256569649776818,4,0.0,,206,86.89320388349515,-3.0112194928402443,206,78.15533980582524,-3.247310340421447,206,0.0,,,,
2025-03-06,1,100.0,65.36152538310414,1,100.0,70.97059626119582,1,0.0,,1,100.0,44.55495639973706,1,100.0,42.15379850860113,1,0.0,,1,100.0,23.21433649615323,1,100.0,32.3765716395213,1,0.0,,209,81.81818181818183,-2.522602787517451,209,70.33492822966507,-2.364615856751259,209,0.0,,,,
2025-03-05,1,100.0,17.638920384058032,1,100.0,37.5215022676062,1,0.0,,1,100.0,10.411820754943179,1,100.0,9.17679883212621,1,0.0,,15,100.0,2.7308765660497083,15,93.33333333333333,6.229445871748551,15,0.0,,195,88.71794871794872,-2.5745312190462695,195,74.87179487179488,-2.3220703654783352,195,0.0,,,,
2025-03-04,4,100.0,6.758920536732654,4,100.0,10.888551521084983,4,0.0,,15,100.0,2.080268621683733,15,93.33333333333333,5.280495510752601,15,0.0,,94,4.25531914893617,-2.394357826277367,94,34.04255319148936,-0.6643639289285034,94,0.0,,99,100.0,-6.376296824570111,99,98.98989898989899,-5.3238457891244835,99,0.0,,,,
2025-02-28,4,100.0,7.779816776842291,4,0.0,,4,0.0,,29,86.20689655172413,1.348253893375573,29,0.0,,29,0.0,,109,1.834862385321101,-2.1777189562769954,109,0.0,,109,0.0,,70,100.0,-6.274066760191116,70,0.0,,70,0.0,,,,
2025-02-27,3,100.0,12.070186861877517,3,0.0,,3,0.0,,10,100.0,6.463861145046326,10,0.0,,10,0.0,,77,85.71428571428571,1.2692141713786242,77,0.0,,77,0.0,,122,89.34426229508196,-1.9296279329850212,122,0.0,,122,0.0,,,,
2025-02-26,1,100.0,19.444444444444443,1,0.0,,1,0.0,,10,100.0,8.771609197097444,10,0.0,,10,0.0,,97,84.5360824742268,1.8339196252073249,97,0.0,,97,0.0,,104,86.53846153846155,-2.392199199335493,104,0.0,,104,0.0,,,,
2025-02-25,5,100.0,13.500577243150525,5,0.0,,5,0.0,,13,100.0,7.0927149348903775,13,0.0,,13,0.0,,72,90.27777777777779,2.2680894732317074,72,0.0,,72,0.0,,122,72.1311475409836,-1.6789715687284459,122,0.0,,122,0.0,,,,
2025-02-24,4,100.0,11.457034388483912,4,0.0,,4,0.0,,12,100.0,8.633793935765068,12,0.0,,12,0.0,,56,100.0,3.64451224771408,56,0.0,,56,0.0,,140,39.285714285714285,-0.05840723662080326,140,0.0,,140,0.0,,,,
2025-02-21,9,0.0,,9,0.0,,9,0.0,,24,0.0,,24,0.0,,24,0.0,,90,0.0,,90,0.0,,90,0.0,,89,0.0,,89,0.0,,89,0.0,,,,
2025-02-20,12,0.0,,12,0.0,,12,0.0,,40,0.0,,40,0.0,,40,0.0,,36,0.0,,36,0.0,,36,0.0,,124,0.0,,124,0.0,,124,0.0,,,,
2025-02-19,125,0.0,,125,0.0,,125,0.0,,0,-,-,0,-,-,0,-,-,0,-,-,0,-,-,0,-,-,87,0.0,,87,0.0,,87,0.0,,,,
2025-02-18,2,0.0,,2,0.0,,2,0.0,,7,0.0,,7,0.0,,7,0.0,,57,0.0,,57,0.0,,57,0.0,,146,0.0,,146,0.0,,146,0.0,,,,
